customer_id,home_location,typical_amount,daily_frequency,preferred_merchants
C0001,Mumbai,612.55,3,"['H&M', 'Myntra']"
C0002,Goa,3814.12,6,"['Flipkart', 'Reliance']"
C0003,Chennai,643.02,1,"['H&M', 'Myntra']"
C0004,Delhi,3025.6,6,"['Flipkart', 'Big Chill']"
C0005,Pune,2521.44,3,"['Amazon', 'Max']"
C0006,Chennai,2031.13,2,"['H&M', 'Spar']"
C0007,Mumbai,917.36,1,"['Spar', 'Myntra']"
C0008,Bengaluru,4132.08,6,"['Burger King', 'Flipkart']"
C0009,Mumbai,4879.02,4,"['Reliance', 'Flipkart']"
C0010,Bengaluru,4232.32,5,"['Spar', 'H&M']"
C0011,Mumbai,706.21,2,"['Zara', 'Reliance']"
C0012,Pune,4399.18,4,"['Zara', 'Burger King']"
C0013,Hyderabad,1231.94,3,"['H&M', 'Zara']"
C0014,Mumbai,3241.09,2,"['Flipkart', 'H&M']"
C0015,Goa,2580.17,3,"['Flipkart', 'H&M']"
C0016,Hyderabad,4292.83,1,"['H&M', 'Amazon']"
C0017,Hyderabad,2305.24,1,"['H&M', 'Spar']"
C0018,Pune,3449.47,4,"['Burger King', 'Max']"
C0019,Bengaluru,1128.34,6,"['Flipkart', 'Myntra']"
C0020,Bengaluru,3861.56,4,"['Myntra', 'Big Chill']"
C0021,Hyderabad,1486.94,2,"['Flipkart', 'Burger King']"
C0022,Mumbai,3901.02,1,"['Max', 'Myntra']"
C0023,Chennai,3183.84,4,"['Big Chill', 'Burger King']"
C0024,Bengaluru,4869.85,1,"['Reliance', 'Flipkart']"
C0025,Bengaluru,3958.69,3,"['Reliance', 'Zara']"
C0026,Chennai,1211.71,1,"['Zara', 'Flipkart']"
C0027,Goa,2784.57,1,"['Zara', 'Flipkart']"
C0028,Pune,1187.78,2,"['Flipkart', 'Myntra']"
C0029,Delhi,3195.25,4,"['Amazon', 'Reliance']"
C0030,Hyderabad,4454.25,3,"['H&M', 'Amazon']"
C0031,Pune,4451.04,1,"['Reliance', 'Burger King']"
C0032,Mumbai,4900.93,5,"['Max', 'Myntra']"
C0033,Kolkata,4760.82,2,"['Zara', 'Flipkart']"
C0034,Chennai,4839.63,5,"['H&M', 'Zara']"
C0035,Chennai,4978.17,6,"['Spar', 'Burger King']"
C0036,Kolkata,1044.52,2,"['Reliance', 'Spar']"
C0037,Delhi,3147.39,2,"['Myntra', 'H&M']"
C0038,Delhi,819.47,6,"['Amazon', 'H&M']"
C0039,Mumbai,4574.39,3,"['Reliance', 'Flipkart']"
C0040,Pune,1753.15,4,"['H&M', 'Flipkart']"
C0041,Goa,3755.09,5,"['Myntra', 'Burger King']"
C0042,Pune,4030.79,4,"['H&M', 'Reliance']"
C0043,Mumbai,3465.42,3,"['Big Chill', 'Myntra']"
C0044,Kolkata,4387.27,1,"['Reliance', 'Amazon']"
C0045,Chennai,3776.96,1,"['H&M', 'Myntra']"
C0046,Pune,2913.29,2,"['Big Chill', 'Max']"
C0047,Bengaluru,2581.83,1,"['Burger King', 'Flipkart']"
C0048,Mumbai,727.65,5,"['Amazon', 'Reliance']"
C0049,Pune,1248.4,4,"['Burger King', 'H&M']"
C0050,Chennai,4560.99,2,"['Big Chill', 'Amazon']"
C0051,Chennai,1693.41,4,"['Zara', 'Big Chill']"
C0052,Kolkata,1196.59,3,"['H&M', 'Amazon']"
C0053,Delhi,3865.89,1,"['Amazon', 'Burger King']"
C0054,Goa,755.96,5,"['Reliance', 'Max']"
C0055,Mumbai,3177.66,6,"['H&M', 'Big Chill']"
C0056,Mumbai,4737.18,5,"['H&M', 'Amazon']"
C0057,Mumbai,2386.51,5,"['Myntra', 'Flipkart']"
C0058,Hyderabad,4706.18,2,"['Spar', 'H&M']"
C0059,Bengaluru,2281.04,6,"['Zara', 'Burger King']"
C0060,Hyderabad,4680.58,1,"['Amazon', 'Burger King']"
C0061,Mumbai,829.67,2,"['Flipkart', 'Zara']"
C0062,Goa,4699.67,1,"['H&M', 'Spar']"
C0063,Bengaluru,1209.86,5,"['Zara', 'Flipkart']"
C0064,Delhi,3505.38,5,"['Zara', 'Reliance']"
C0065,Goa,1690.1,1,"['Flipkart', 'Max']"
C0066,Bengaluru,1767.9,2,"['Spar', 'H&M']"
C0067,Bengaluru,2774.34,3,"['Amazon', 'Reliance']"
C0068,Chennai,4232.07,1,"['Amazon', 'Spar']"
C0069,Goa,3367.01,3,"['Max', 'Burger King']"
C0070,Chennai,3024.08,1,"['Reliance', 'Max']"
C0071,Delhi,4255.68,5,"['Flipkart', 'Max']"
C0072,Chennai,1073.5,3,"['Spar', 'Amazon']"
C0073,Hyderabad,1445.34,2,"['Reliance', 'Spar']"
C0074,Chennai,4882.27,6,"['Max', 'H&M']"
C0075,Goa,4892.93,2,"['Big Chill', 'Amazon']"
C0076,Goa,3814.54,3,"['Big Chill', 'H&M']"
C0077,Bengaluru,1216.39,6,"['Reliance', 'Big Chill']"
C0078,Delhi,4363.67,2,"['H&M', 'Burger King']"
C0079,Hyderabad,1873.36,2,"['H&M', 'Amazon']"
C0080,Pune,2293.1,3,"['Reliance', 'Zara']"
C0081,Hyderabad,3386.67,4,"['Flipkart', 'Spar']"
C0082,Delhi,1019.04,3,"['Max', 'Zara']"
C0083,Delhi,987.81,4,"['Spar', 'Myntra']"
C0084,Chennai,3227.94,5,"['Reliance', 'Big Chill']"
C0085,Pune,1646.25,6,"['Big Chill', 'Amazon']"
C0086,Pune,2139.0,1,"['Spar', 'Myntra']"
C0087,Mumbai,3738.89,3,"['Flipkart', 'Zara']"
C0088,Chennai,1967.82,6,"['Zara', 'Flipkart']"
C0089,Goa,1363.28,6,"['Big Chill', 'Max']"
C0090,Bengaluru,2327.34,1,"['Zara', 'Myntra']"
C0091,Pune,2434.5,5,"['Myntra', 'Spar']"
C0092,Kolkata,2488.04,6,"['H&M', 'Flipkart']"
C0093,Kolkata,4071.81,6,"['Max', 'Reliance']"
C0094,Bengaluru,2819.53,6,"['Myntra', 'Spar']"
C0095,Mumbai,4182.91,2,"['Zara', 'H&M']"
C0096,Pune,1163.09,1,"['H&M', 'Burger King']"
C0097,Mumbai,2549.37,6,"['Myntra', 'H&M']"
C0098,Chennai,2724.7,2,"['Max', 'Amazon']"
C0099,Mumbai,4002.89,2,"['Max', 'Flipkart']"
C0100,Kolkata,725.98,2,"['Reliance', 'Burger King']"
C0101,Goa,4106.37,6,"['Flipkart', 'Myntra']"
C0102,Hyderabad,4775.18,4,"['Myntra', 'Flipkart']"
C0103,Chennai,4237.56,5,"['Burger King', 'Max']"
C0104,Kolkata,2525.31,2,"['Zara', 'Flipkart']"
C0105,Kolkata,3320.37,3,"['Burger King', 'Reliance']"
C0106,Bengaluru,1555.22,3,"['Spar', 'Flipkart']"
C0107,Mumbai,1122.68,2,"['Big Chill', 'Max']"
C0108,Pune,789.03,4,"['Spar', 'Flipkart']"
C0109,Kolkata,2370.98,2,"['Big Chill', 'Myntra']"
C0110,Delhi,4355.29,5,"['Big Chill', 'Burger King']"
C0111,Delhi,4742.34,3,"['Big Chill', 'Myntra']"
C0112,Pune,2697.03,3,"['Big Chill', 'Burger King']"
C0113,Delhi,2249.86,6,"['Big Chill', 'Max']"
C0114,Kolkata,4637.94,5,"['Flipkart', 'Amazon']"
C0115,Chennai,3163.52,6,"['Amazon', 'Reliance']"
C0116,Chennai,1110.65,4,"['Max', 'Amazon']"
C0117,Bengaluru,2205.97,2,"['Burger King', 'Spar']"
C0118,Hyderabad,3925.53,4,"['Zara', 'Big Chill']"
C0119,Bengaluru,4257.1,4,"['Amazon', 'Flipkart']"
C0120,Delhi,4999.59,3,"['H&M', 'Reliance']"
C0121,Delhi,3894.05,2,"['H&M', 'Amazon']"
C0122,Goa,1573.45,4,"['Reliance', 'H&M']"
C0123,Kolkata,3647.59,3,"['Max', 'Reliance']"
C0124,Goa,4841.24,1,"['Myntra', 'Amazon']"
C0125,Bengaluru,3091.09,4,"['Big Chill', 'H&M']"
C0126,Mumbai,3164.44,6,"['H&M', 'Reliance']"
C0127,Bengaluru,4326.32,5,"['Reliance', 'Amazon']"
C0128,Hyderabad,2897.35,6,"['Spar', 'Reliance']"
C0129,Hyderabad,556.93,4,"['Burger King', 'Reliance']"
C0130,Chennai,4823.54,6,"['Burger King', 'Max']"
C0131,Chennai,1292.62,5,"['Zara', 'Flipkart']"
C0132,Kolkata,2591.93,6,"['Myntra', 'Zara']"
C0133,Hyderabad,4332.71,1,"['Zara', 'Burger King']"
C0134,Pune,3877.14,5,"['Myntra', 'Big Chill']"
C0135,Hyderabad,629.15,3,"['Max', 'Burger King']"
C0136,Pune,2096.71,3,"['Spar', 'Zara']"
C0137,Bengaluru,3001.06,5,"['H&M', 'Reliance']"
C0138,Pune,3740.34,4,"['Flipkart', 'H&M']"
C0139,Kolkata,3406.56,4,"['Burger King', 'Amazon']"
C0140,Mumbai,1824.06,4,"['H&M', 'Zara']"
C0141,Hyderabad,2629.67,5,"['Spar', 'Big Chill']"
C0142,Hyderabad,2083.15,4,"['Zara', 'Myntra']"
C0143,Bengaluru,1537.42,6,"['H&M', 'Spar']"
C0144,Mumbai,3842.96,6,"['Max', 'H&M']"
C0145,Pune,3823.72,3,"['Myntra', 'Flipkart']"
C0146,Bengaluru,4912.3,2,"['Zara', 'H&M']"
C0147,Hyderabad,1307.49,1,"['Flipkart', 'Max']"
C0148,Bengaluru,704.82,1,"['Flipkart', 'Zara']"
C0149,Goa,3370.41,4,"['Reliance', 'Amazon']"
C0150,Bengaluru,2612.29,4,"['Spar', 'Max']"
C0151,Delhi,1636.15,4,"['Reliance', 'Myntra']"
C0152,Chennai,2712.86,5,"['Amazon', 'Max']"
C0153,Goa,4150.14,3,"['Reliance', 'H&M']"
C0154,Mumbai,3011.33,4,"['Myntra', 'H&M']"
C0155,Chennai,2527.32,4,"['Zara', 'Big Chill']"
C0156,Bengaluru,3058.83,1,"['Myntra', 'Reliance']"
C0157,Pune,3314.82,3,"['Reliance', 'Max']"
C0158,Pune,1282.16,1,"['Max', 'Amazon']"
C0159,Chennai,2527.27,5,"['Burger King', 'Zara']"
C0160,Delhi,1541.64,6,"['Zara', 'Burger King']"
C0161,Mumbai,3593.23,3,"['Myntra', 'H&M']"
C0162,Chennai,1016.49,2,"['Max', 'Zara']"
C0163,Goa,821.34,2,"['Zara', 'Myntra']"
C0164,Kolkata,1059.59,6,"['Zara', 'Big Chill']"
C0165,Bengaluru,2752.12,4,"['Burger King', 'Reliance']"
C0166,Delhi,4502.4,6,"['Spar', 'Zara']"
C0167,Delhi,910.97,6,"['Myntra', 'Amazon']"
C0168,Bengaluru,3093.11,2,"['Burger King', 'Flipkart']"
C0169,Kolkata,4622.33,2,"['Myntra', 'Big Chill']"
C0170,Kolkata,4860.75,4,"['Spar', 'Big Chill']"
C0171,Hyderabad,1944.76,1,"['Max', 'Spar']"
C0172,Chennai,3621.53,3,"['Big Chill', 'Flipkart']"
C0173,Delhi,2546.72,3,"['Zara', 'Spar']"
C0174,Mumbai,4865.83,4,"['Flipkart', 'Amazon']"
C0175,Kolkata,2359.61,2,"['Flipkart', 'Spar']"
C0176,Kolkata,3314.34,1,"['H&M', 'Zara']"
C0177,Goa,4674.53,4,"['Burger King', 'Reliance']"
C0178,Delhi,4879.16,5,"['H&M', 'Max']"
C0179,Bengaluru,2978.78,5,"['Big Chill', 'Reliance']"
C0180,Pune,4965.16,1,"['Burger King', 'Reliance']"
C0181,Goa,2742.69,6,"['Zara', 'Flipkart']"
C0182,Bengaluru,2369.71,4,"['Burger King', 'H&M']"
C0183,Kolkata,2980.69,4,"['H&M', 'Flipkart']"
C0184,Goa,4388.12,3,"['Big Chill', 'Spar']"
C0185,Bengaluru,4192.47,3,"['Zara', 'Burger King']"
C0186,Goa,2509.46,4,"['Spar', 'Myntra']"
C0187,Chennai,2549.05,3,"['H&M', 'Myntra']"
C0188,Chennai,1551.03,4,"['Amazon', 'Spar']"
C0189,Kolkata,3673.53,4,"['Big Chill', 'Max']"
C0190,Kolkata,4841.71,2,"['Flipkart', 'Spar']"
C0191,Mumbai,4433.86,4,"['Reliance', 'Flipkart']"
C0192,Kolkata,569.06,2,"['Big Chill', 'Max']"
C0193,Mumbai,2612.71,3,"['Spar', 'Big Chill']"
C0194,Mumbai,4332.94,6,"['Flipkart', 'Big Chill']"
C0195,Hyderabad,3320.6,4,"['Flipkart', 'Amazon']"
C0196,Mumbai,1556.47,6,"['Zara', 'H&M']"
C0197,Mumbai,2452.87,1,"['Reliance', 'Burger King']"
C0198,Goa,3623.01,1,"['Amazon', 'Spar']"
C0199,Delhi,1820.15,3,"['Big Chill', 'Max']"
C0200,Pune,2890.25,5,"['Max', 'Myntra']"
C0201,Goa,855.36,4,"['Myntra', 'H&M']"
C0202,Kolkata,4607.73,2,"['H&M', 'Burger King']"
C0203,Bengaluru,2568.07,6,"['Amazon', 'Burger King']"
C0204,Bengaluru,3549.25,2,"['Reliance', 'Burger King']"
C0205,Hyderabad,4944.43,3,"['Big Chill', 'Zara']"
C0206,Kolkata,4303.87,2,"['Big Chill', 'Burger King']"
C0207,Mumbai,1567.43,5,"['Spar', 'Zara']"
C0208,Bengaluru,598.73,6,"['Big Chill', 'Zara']"
C0209,Delhi,3046.68,6,"['Amazon', 'Burger King']"
C0210,Bengaluru,3990.83,2,"['Myntra', 'Spar']"
C0211,Pune,3364.78,5,"['Zara', 'Max']"
C0212,Mumbai,4565.32,6,"['Amazon', 'Zara']"
C0213,Kolkata,650.14,3,"['Max', 'Reliance']"
C0214,Bengaluru,1970.24,4,"['Max', 'H&M']"
C0215,Goa,4039.31,3,"['Flipkart', 'Myntra']"
C0216,Bengaluru,4237.13,3,"['Burger King', 'Zara']"
C0217,Hyderabad,4119.05,4,"['Reliance', 'Max']"
C0218,Pune,4370.63,6,"['Big Chill', 'Flipkart']"
C0219,Hyderabad,906.36,4,"['Amazon', 'Zara']"
C0220,Mumbai,2546.54,6,"['Zara', 'Big Chill']"
C0221,Hyderabad,987.56,2,"['Burger King', 'Amazon']"
C0222,Hyderabad,4618.65,2,"['Reliance', 'Burger King']"
C0223,Bengaluru,3421.58,1,"['Max', 'Amazon']"
C0224,Delhi,1869.64,4,"['Reliance', 'Myntra']"
C0225,Pune,4492.67,2,"['Big Chill', 'Burger King']"
C0226,Hyderabad,3517.19,6,"['Flipkart', 'Big Chill']"
C0227,Goa,4484.36,6,"['Reliance', 'Burger King']"
C0228,Chennai,4725.74,3,"['Amazon', 'Spar']"
C0229,Pune,2495.22,2,"['Spar', 'Reliance']"
C0230,Hyderabad,2950.1,6,"['Spar', 'Amazon']"
C0231,Chennai,1741.47,1,"['Burger King', 'Reliance']"
C0232,Pune,3387.67,5,"['Amazon', 'Myntra']"
C0233,Hyderabad,1596.06,2,"['Myntra', 'H&M']"
C0234,Mumbai,4234.18,5,"['H&M', 'Myntra']"
C0235,Pune,1978.52,2,"['Myntra', 'Amazon']"
C0236,Bengaluru,4362.83,2,"['Max', 'Flipkart']"
C0237,Bengaluru,4093.31,1,"['Amazon', 'Max']"
C0238,Delhi,2112.09,2,"['Myntra', 'Spar']"
C0239,Delhi,1284.11,1,"['Max', 'Big Chill']"
C0240,Mumbai,3855.49,4,"['Burger King', 'Spar']"
C0241,Mumbai,2534.02,2,"['Myntra', 'Amazon']"
C0242,Bengaluru,2561.19,1,"['Amazon', 'Burger King']"
C0243,Chennai,2418.23,1,"['Burger King', 'Myntra']"
C0244,Mumbai,4546.7,3,"['Myntra', 'Max']"
C0245,Mumbai,1067.86,5,"['Myntra', 'Flipkart']"
C0246,Hyderabad,2214.07,5,"['Flipkart', 'Zara']"
C0247,Kolkata,2774.98,4,"['Reliance', 'Myntra']"
C0248,Pune,2435.31,2,"['Big Chill', 'Spar']"
C0249,Kolkata,2294.29,6,"['Reliance', 'Spar']"
C0250,Chennai,1906.36,3,"['Spar', 'Max']"
C0251,Kolkata,802.1,1,"['Reliance', 'Big Chill']"
C0252,Mumbai,3850.65,3,"['Max', 'Flipkart']"
C0253,Delhi,3139.09,5,"['Flipkart', 'Spar']"
C0254,Mumbai,2348.64,6,"['Big Chill', 'Amazon']"
C0255,Bengaluru,3201.85,3,"['Reliance', 'Flipkart']"
C0256,Pune,1196.29,4,"['H&M', 'Reliance']"
C0257,Hyderabad,4304.18,3,"['Reliance', 'Zara']"
C0258,Pune,4132.5,5,"['Myntra', 'Flipkart']"
C0259,Delhi,3240.48,6,"['Zara', 'Amazon']"
C0260,Goa,1729.72,3,"['Spar', 'Myntra']"
C0261,Delhi,1316.33,2,"['Myntra', 'Big Chill']"
C0262,Mumbai,1138.44,6,"['Amazon', 'Reliance']"
C0263,Pune,2192.87,4,"['Spar', 'Max']"
C0264,Hyderabad,1902.37,3,"['Myntra', 'Reliance']"
C0265,Delhi,1200.11,5,"['Amazon', 'Reliance']"
C0266,Bengaluru,2494.01,4,"['Burger King', 'Myntra']"
C0267,Chennai,1729.25,5,"['Reliance', 'Spar']"
C0268,Chennai,999.0,6,"['Myntra', 'Burger King']"
C0269,Bengaluru,704.38,4,"['Myntra', 'Amazon']"
C0270,Delhi,1419.9,2,"['Max', 'Zara']"
C0271,Bengaluru,1976.55,1,"['Burger King', 'Big Chill']"
C0272,Goa,1081.34,5,"['H&M', 'Flipkart']"
C0273,Hyderabad,824.34,6,"['Amazon', 'Big Chill']"
C0274,Delhi,2568.89,1,"['Spar', 'Big Chill']"
C0275,Chennai,3692.75,4,"['Zara', 'Reliance']"
C0276,Chennai,593.85,3,"['Max', 'Burger King']"
C0277,Hyderabad,896.58,1,"['H&M', 'Big Chill']"
C0278,Chennai,2857.83,4,"['Zara', 'Spar']"
C0279,Pune,1998.81,2,"['Reliance', 'Flipkart']"
C0280,Mumbai,2887.72,2,"['Spar', 'Myntra']"
C0281,Goa,1563.21,2,"['Zara', 'H&M']"
C0282,Goa,3210.8,6,"['Reliance', 'Max']"
C0283,Kolkata,2587.79,5,"['Myntra', 'Burger King']"
C0284,Hyderabad,4389.11,6,"['Spar', 'Max']"
C0285,Kolkata,807.29,4,"['Zara', 'Myntra']"
C0286,Delhi,2083.74,1,"['Zara', 'Burger King']"
C0287,Kolkata,669.23,3,"['Zara', 'Reliance']"
C0288,Mumbai,3267.54,5,"['Big Chill', 'Burger King']"
C0289,Delhi,2523.8,5,"['H&M', 'Spar']"
C0290,Kolkata,2756.15,1,"['Burger King', 'Reliance']"
C0291,Hyderabad,4920.74,1,"['Flipkart', 'Max']"
C0292,Delhi,1614.85,4,"['Burger King', 'Flipkart']"
C0293,Goa,2137.54,3,"['Big Chill', 'Myntra']"
C0294,Hyderabad,3555.04,1,"['Spar', 'Reliance']"
C0295,Hyderabad,925.28,6,"['Big Chill', 'Zara']"
C0296,Bengaluru,3756.8,6,"['Myntra', 'Max']"
C0297,Hyderabad,866.76,6,"['Max', 'Spar']"
C0298,Bengaluru,4854.63,6,"['Big Chill', 'Max']"
C0299,Mumbai,1893.12,4,"['Spar', 'Max']"
C0300,Mumbai,3407.11,4,"['Flipkart', 'Spar']"
C0301,Delhi,2131.69,2,"['H&M', 'Spar']"
C0302,Kolkata,1364.02,2,"['Max', 'Reliance']"
C0303,Bengaluru,4299.93,1,"['Flipkart', 'Myntra']"
C0304,Delhi,3478.68,5,"['Max', 'Big Chill']"
C0305,Goa,1230.11,6,"['Myntra', 'Max']"
C0306,Kolkata,696.62,3,"['H&M', 'Burger King']"
C0307,Bengaluru,3885.76,4,"['H&M', 'Flipkart']"
C0308,Pune,1892.61,4,"['H&M', 'Spar']"
C0309,Kolkata,2577.56,3,"['Big Chill', 'Flipkart']"
C0310,Chennai,4848.21,2,"['Myntra', 'Max']"
C0311,Bengaluru,734.81,4,"['Spar', 'Flipkart']"
C0312,Mumbai,3701.3,5,"['Reliance', 'Zara']"
C0313,Mumbai,3934.03,3,"['Burger King', 'Flipkart']"
C0314,Goa,4239.71,1,"['H&M', 'Burger King']"
C0315,Hyderabad,4687.12,4,"['Amazon', 'Big Chill']"
C0316,Hyderabad,1561.0,1,"['Spar', 'H&M']"
C0317,Delhi,1934.08,1,"['Spar', 'Max']"
C0318,Goa,672.36,4,"['Max', 'Burger King']"
C0319,Kolkata,3269.07,1,"['Amazon', 'Zara']"
C0320,Pune,4257.33,5,"['Myntra', 'Flipkart']"
C0321,Chennai,1000.34,3,"['H&M', 'Zara']"
C0322,Mumbai,714.87,4,"['Myntra', 'Burger King']"
C0323,Mumbai,998.86,4,"['Myntra', 'Flipkart']"
C0324,Delhi,3343.8,5,"['H&M', 'Max']"
C0325,Bengaluru,2431.58,5,"['Spar', 'H&M']"
C0326,Chennai,1342.91,6,"['Reliance', 'Flipkart']"
C0327,Hyderabad,804.56,5,"['Flipkart', 'Myntra']"
C0328,Delhi,2257.04,4,"['Amazon', 'Big Chill']"
C0329,Hyderabad,1641.43,1,"['Spar', 'Reliance']"
C0330,Hyderabad,1585.07,6,"['Reliance', 'Spar']"
C0331,Goa,699.51,5,"['Spar', 'Max']"
C0332,Kolkata,4913.69,4,"['Max', 'Myntra']"
C0333,Mumbai,3722.2,4,"['Amazon', 'Zara']"
C0334,Pune,697.13,2,"['Amazon', 'Spar']"
C0335,Bengaluru,2819.23,5,"['Burger King', 'Zara']"
C0336,Delhi,3889.81,2,"['Zara', 'Spar']"
C0337,Delhi,4396.09,3,"['Zara', 'Reliance']"
C0338,Hyderabad,2466.28,4,"['Burger King', 'Big Chill']"
C0339,Hyderabad,4881.76,4,"['Burger King', 'Spar']"
C0340,Bengaluru,4105.17,6,"['Big Chill', 'Reliance']"
C0341,Chennai,3211.04,2,"['Flipkart', 'Zara']"
C0342,Hyderabad,961.69,3,"['Zara', 'Myntra']"
C0343,Kolkata,3211.8,4,"['Max', 'Burger King']"
C0344,Hyderabad,2512.08,6,"['Spar', 'Big Chill']"
C0345,Bengaluru,3377.61,1,"['Reliance', 'Big Chill']"
C0346,Hyderabad,2808.89,6,"['Max', 'Amazon']"
C0347,Goa,4319.01,6,"['Burger King', 'Amazon']"
C0348,Goa,802.55,6,"['Spar', 'Myntra']"
C0349,Chennai,4772.6,1,"['Myntra', 'Max']"
C0350,Kolkata,4769.71,3,"['Burger King', 'Reliance']"
C0351,Goa,2882.57,4,"['Spar', 'Zara']"
C0352,Pune,4822.34,1,"['Max', 'Burger King']"
C0353,Chennai,4610.94,1,"['Zara', 'Myntra']"
C0354,Kolkata,1465.57,5,"['Zara', 'Burger King']"
C0355,Pune,1051.87,1,"['Burger King', 'Max']"
C0356,Kolkata,4987.68,6,"['Spar', 'Myntra']"
C0357,Mumbai,2974.99,3,"['Zara', 'Max']"
C0358,Goa,4071.63,5,"['H&M', 'Reliance']"
C0359,Pune,4064.3,2,"['Burger King', 'Amazon']"
C0360,Hyderabad,2993.1,3,"['Burger King', 'Flipkart']"
C0361,Goa,3253.77,1,"['Reliance', 'Zara']"
C0362,Chennai,4998.18,6,"['Burger King', 'Flipkart']"
C0363,Chennai,3961.24,5,"['Reliance', 'Max']"
C0364,Hyderabad,3390.52,4,"['Burger King', 'Flipkart']"
C0365,Hyderabad,1077.51,5,"['Myntra', 'Max']"
C0366,Goa,2446.78,1,"['Reliance', 'Flipkart']"
C0367,Goa,1868.56,2,"['Spar', 'H&M']"
C0368,Hyderabad,4763.67,5,"['Zara', 'Reliance']"
C0369,Bengaluru,1383.36,5,"['Zara', 'Max']"
C0370,Bengaluru,3264.93,1,"['Flipkart', 'Max']"
C0371,Goa,1270.4,5,"['Myntra', 'Spar']"
C0372,Delhi,4213.56,1,"['Reliance', 'Amazon']"
C0373,Bengaluru,3430.08,5,"['Big Chill', 'Amazon']"
C0374,Kolkata,4500.49,5,"['Zara', 'Myntra']"
C0375,Kolkata,1601.95,6,"['Big Chill', 'Zara']"
C0376,Kolkata,828.38,1,"['Max', 'Burger King']"
C0377,Chennai,2679.13,2,"['Spar', 'Max']"
C0378,Hyderabad,4376.68,3,"['Spar', 'Big Chill']"
C0379,Goa,3922.99,5,"['Flipkart', 'Reliance']"
C0380,Hyderabad,1587.82,1,"['Zara', 'Burger King']"
C0381,Pune,1133.95,1,"['Zara', 'Big Chill']"
C0382,Chennai,1617.22,2,"['Spar', 'Myntra']"
C0383,Pune,3934.05,4,"['Flipkart', 'Burger King']"
C0384,Kolkata,4455.84,4,"['Amazon', 'Reliance']"
C0385,Chennai,2774.5,2,"['H&M', 'Spar']"
C0386,Delhi,727.43,4,"['Myntra', 'Burger King']"
C0387,Bengaluru,2915.11,1,"['Big Chill', 'Max']"
C0388,Bengaluru,3773.79,4,"['Spar', 'Amazon']"
C0389,Chennai,730.21,5,"['H&M', 'Spar']"
C0390,Bengaluru,830.89,5,"['Burger King', 'Flipkart']"
C0391,Bengaluru,4213.9,5,"['Myntra', 'Reliance']"
C0392,Goa,4887.87,4,"['Spar', 'Myntra']"
C0393,Hyderabad,3897.34,2,"['Myntra', 'Flipkart']"
C0394,Chennai,2750.35,1,"['Amazon', 'Max']"
C0395,Hyderabad,4117.85,5,"['Burger King', 'Max']"
C0396,Goa,1975.85,5,"['Spar', 'Max']"
C0397,Chennai,4957.77,6,"['Zara', 'Spar']"
C0398,Kolkata,3689.33,3,"['Burger King', 'Amazon']"
C0399,Hyderabad,1990.58,1,"['Big Chill', 'Zara']"
C0400,Delhi,3186.09,3,"['Myntra', 'H&M']"
C0401,Delhi,3125.85,2,"['Flipkart', 'Big Chill']"
C0402,Goa,4197.48,2,"['Amazon', 'Reliance']"
C0403,Pune,585.22,3,"['Big Chill', 'Max']"
C0404,Chennai,3607.25,4,"['Flipkart', 'Burger King']"
C0405,Delhi,3675.99,5,"['H&M', 'Flipkart']"
C0406,Hyderabad,4991.55,4,"['Flipkart', 'Big Chill']"
C0407,Hyderabad,4805.08,4,"['Flipkart', 'Spar']"
C0408,Hyderabad,3541.41,6,"['Zara', 'Burger King']"
C0409,Pune,4808.02,3,"['Flipkart', 'Zara']"
C0410,Pune,4736.68,3,"['Zara', 'H&M']"
C0411,Kolkata,1926.68,3,"['Flipkart', 'Zara']"
C0412,Bengaluru,1048.43,6,"['Flipkart', 'Big Chill']"
C0413,Chennai,4182.7,2,"['Zara', 'Amazon']"
C0414,Bengaluru,4798.91,1,"['Spar', 'Burger King']"
C0415,Bengaluru,3863.02,2,"['H&M', 'Flipkart']"
C0416,Bengaluru,4698.61,6,"['Zara', 'Max']"
C0417,Mumbai,3270.55,5,"['H&M', 'Myntra']"
C0418,Delhi,3514.25,5,"['H&M', 'Myntra']"
C0419,Delhi,950.89,3,"['Burger King', 'Reliance']"
C0420,Goa,523.32,5,"['Max', 'Big Chill']"
C0421,Kolkata,2648.52,2,"['Zara', 'Spar']"
C0422,Bengaluru,3406.54,1,"['Myntra', 'H&M']"
C0423,Delhi,4609.53,2,"['Big Chill', 'Max']"
C0424,Delhi,4987.27,4,"['Burger King', 'Max']"
C0425,Bengaluru,4445.34,1,"['Zara', 'Reliance']"
C0426,Hyderabad,1780.53,6,"['Flipkart', 'Myntra']"
C0427,Kolkata,4501.67,2,"['Flipkart', 'Burger King']"
C0428,Bengaluru,1367.65,1,"['Spar', 'Max']"
C0429,Kolkata,3417.28,6,"['Max', 'Amazon']"
C0430,Hyderabad,4058.45,5,"['H&M', 'Max']"
C0431,Chennai,4221.45,5,"['Spar', 'Reliance']"
C0432,Chennai,3511.65,2,"['Max', 'Burger King']"
C0433,Hyderabad,4711.21,1,"['Zara', 'Big Chill']"
C0434,Pune,2510.31,3,"['Spar', 'Zara']"
C0435,Delhi,1676.99,3,"['H&M', 'Amazon']"
C0436,Mumbai,2594.28,2,"['Big Chill', 'Flipkart']"
C0437,Bengaluru,3606.31,6,"['Zara', 'Spar']"
C0438,Pune,1486.08,2,"['Burger King', 'Max']"
C0439,Kolkata,3864.81,5,"['Spar', 'Big Chill']"
C0440,Kolkata,3908.08,6,"['H&M', 'Myntra']"
C0441,Mumbai,2864.78,5,"['Spar', 'Reliance']"
C0442,Mumbai,777.91,5,"['Flipkart', 'H&M']"
C0443,Goa,1240.42,5,"['Burger King', 'Reliance']"
C0444,Pune,3726.13,4,"['Reliance', 'Flipkart']"
C0445,Kolkata,4139.11,4,"['Max', 'Flipkart']"
C0446,Chennai,2555.59,1,"['Flipkart', 'Burger King']"
C0447,Bengaluru,3754.76,4,"['Zara', 'Amazon']"
C0448,Pune,3102.4,1,"['Big Chill', 'Spar']"
C0449,Mumbai,2935.24,1,"['Reliance', 'Burger King']"
C0450,Delhi,1791.91,2,"['Max', 'Big Chill']"
C0451,Hyderabad,4967.85,4,"['Burger King', 'Big Chill']"
C0452,Chennai,861.12,6,"['Flipkart', 'Max']"
C0453,Hyderabad,1033.85,5,"['Big Chill', 'Flipkart']"
C0454,Goa,3775.36,2,"['Amazon', 'Myntra']"
C0455,Bengaluru,2583.52,6,"['Flipkart', 'Big Chill']"
C0456,Chennai,4205.12,2,"['Burger King', 'Spar']"
C0457,Goa,1740.42,6,"['Reliance', 'Amazon']"
C0458,Chennai,3267.15,1,"['H&M', 'Myntra']"
C0459,Mumbai,954.04,1,"['Burger King', 'Amazon']"
C0460,Pune,3832.43,4,"['Burger King', 'H&M']"
C0461,Pune,3894.74,1,"['Max', 'Flipkart']"
C0462,Bengaluru,1553.73,6,"['Myntra', 'Spar']"
C0463,Hyderabad,1566.07,2,"['Flipkart', 'H&M']"
C0464,Chennai,1852.25,1,"['Flipkart', 'Max']"
C0465,Chennai,3001.33,1,"['Spar', 'Big Chill']"
C0466,Hyderabad,3633.39,4,"['Max', 'Zara']"
C0467,Chennai,1327.46,5,"['Burger King', 'H&M']"
C0468,Pune,1853.31,6,"['Max', 'Burger King']"
C0469,Delhi,3030.74,4,"['Flipkart', 'Myntra']"
C0470,Goa,2247.89,3,"['H&M', 'Spar']"
C0471,Mumbai,4650.02,3,"['Reliance', 'Flipkart']"
C0472,Pune,731.91,4,"['Myntra', 'Amazon']"
C0473,Mumbai,1346.73,5,"['Flipkart', 'H&M']"
C0474,Kolkata,1440.0,3,"['Zara', 'Amazon']"
C0475,Pune,4717.22,6,"['Reliance', 'Burger King']"
C0476,Pune,3630.32,6,"['H&M', 'Big Chill']"
C0477,Pune,2984.36,3,"['Big Chill', 'Burger King']"
C0478,Hyderabad,1887.9,3,"['Flipkart', 'Burger King']"
C0479,Kolkata,943.74,6,"['Burger King', 'Spar']"
C0480,Pune,2168.17,4,"['Amazon', 'H&M']"
C0481,Goa,572.99,5,"['Myntra', 'Big Chill']"
C0482,Bengaluru,1185.85,3,"['H&M', 'Big Chill']"
C0483,Pune,2746.86,6,"['Spar', 'Zara']"
C0484,Kolkata,4849.29,6,"['Burger King', 'Myntra']"
C0485,Goa,3797.48,3,"['Max', 'Myntra']"
C0486,Kolkata,1328.21,5,"['Amazon', 'Flipkart']"
C0487,Delhi,4275.81,1,"['Amazon', 'Myntra']"
C0488,Chennai,1118.71,6,"['H&M', 'Reliance']"
C0489,Goa,541.14,5,"['Burger King', 'Spar']"
C0490,Delhi,3280.26,6,"['Myntra', 'Burger King']"
C0491,Kolkata,570.79,5,"['Flipkart', 'Big Chill']"
C0492,Delhi,575.27,6,"['Zara', 'Flipkart']"
C0493,Bengaluru,577.14,6,"['Big Chill', 'Max']"
C0494,Mumbai,4631.22,5,"['Max', 'H&M']"
C0495,Pune,3289.01,3,"['Spar', 'Zara']"
C0496,Chennai,855.59,4,"['Burger King', 'H&M']"
C0497,Pune,1849.89,1,"['Amazon', 'Reliance']"
C0498,Chennai,2206.69,5,"['Burger King', 'Amazon']"
C0499,Delhi,3662.8,1,"['Burger King', 'Big Chill']"
C0500,Hyderabad,3046.35,1,"['Flipkart', 'Amazon']"
C0501,Pune,1451.38,6,"['Myntra', 'Burger King']"
C0502,Bengaluru,709.53,1,"['Zara', 'Flipkart']"
C0503,Delhi,1307.1,3,"['Amazon', 'H&M']"
C0504,Goa,3885.15,6,"['Big Chill', 'Reliance']"
C0505,Bengaluru,1231.03,2,"['Myntra', 'Big Chill']"
C0506,Hyderabad,2227.31,6,"['Max', 'Reliance']"
C0507,Hyderabad,741.63,4,"['H&M', 'Reliance']"
C0508,Hyderabad,3223.26,5,"['Myntra', 'Big Chill']"
C0509,Hyderabad,633.32,3,"['Burger King', 'Myntra']"
C0510,Pune,2101.15,4,"['Big Chill', 'Max']"
C0511,Chennai,885.62,5,"['Zara', 'H&M']"
C0512,Mumbai,869.17,2,"['Big Chill', 'Max']"
C0513,Chennai,1925.05,1,"['Reliance', 'Amazon']"
C0514,Bengaluru,2501.31,3,"['Reliance', 'Max']"
C0515,Mumbai,1343.26,4,"['Flipkart', 'Myntra']"
C0516,Chennai,964.82,1,"['Spar', 'Flipkart']"
C0517,Mumbai,3186.16,3,"['Big Chill', 'Amazon']"
C0518,Bengaluru,2362.15,1,"['Flipkart', 'H&M']"
C0519,Goa,3583.92,2,"['Max', 'Zara']"
C0520,Bengaluru,1707.83,2,"['Reliance', 'Max']"
C0521,Chennai,1741.83,3,"['Burger King', 'Reliance']"
C0522,Hyderabad,1632.65,2,"['Burger King', 'H&M']"
C0523,Kolkata,981.38,3,"['Amazon', 'Big Chill']"
C0524,Hyderabad,4287.26,4,"['Spar', 'Burger King']"
C0525,Hyderabad,2437.77,6,"['Myntra', 'Max']"
C0526,Bengaluru,1942.99,6,"['H&M', 'Burger King']"
C0527,Hyderabad,1299.37,4,"['Spar', 'Zara']"
C0528,Kolkata,4854.93,2,"['Spar', 'Big Chill']"
C0529,Bengaluru,4174.23,4,"['Spar', 'Reliance']"
C0530,Pune,3165.02,5,"['Max', 'Flipkart']"
C0531,Delhi,4788.52,4,"['H&M', 'Burger King']"
C0532,Bengaluru,4240.77,1,"['Big Chill', 'Burger King']"
C0533,Goa,3350.01,2,"['Zara', 'Max']"
C0534,Chennai,4050.85,1,"['Burger King', 'Myntra']"
C0535,Chennai,2904.65,6,"['Big Chill', 'Flipkart']"
C0536,Delhi,4058.24,3,"['Flipkart', 'Reliance']"
C0537,Mumbai,3960.29,6,"['Spar', 'Max']"
C0538,Delhi,3034.49,6,"['Big Chill', 'Spar']"
C0539,Chennai,976.75,1,"['Zara', 'H&M']"
C0540,Pune,2506.0,4,"['Burger King', 'Flipkart']"
C0541,Goa,2052.35,1,"['Burger King', 'Reliance']"
C0542,Bengaluru,2371.89,1,"['Reliance', 'Max']"
C0543,Hyderabad,1903.51,4,"['H&M', 'Flipkart']"
C0544,Kolkata,2067.35,1,"['Burger King', 'Myntra']"
C0545,Hyderabad,802.28,1,"['Reliance', 'Amazon']"
C0546,Hyderabad,3415.86,6,"['Max', 'H&M']"
C0547,Goa,2983.6,3,"['Flipkart', 'Big Chill']"
C0548,Kolkata,1543.35,4,"['Max', 'Myntra']"
C0549,Chennai,2280.12,6,"['Myntra', 'H&M']"
C0550,Kolkata,3164.91,4,"['Amazon', 'H&M']"
C0551,Pune,1752.55,6,"['Reliance', 'Myntra']"
C0552,Goa,2146.07,2,"['Burger King', 'Reliance']"
C0553,Bengaluru,3518.16,4,"['Flipkart', 'Spar']"
C0554,Chennai,3250.89,5,"['Reliance', 'Spar']"
C0555,Hyderabad,4304.83,5,"['Max', 'Zara']"
C0556,Mumbai,3524.5,3,"['Reliance', 'H&M']"
C0557,Bengaluru,1026.27,3,"['Max', 'Flipkart']"
C0558,Chennai,2382.08,2,"['Myntra', 'Big Chill']"
C0559,Chennai,1335.89,6,"['Flipkart', 'Max']"
C0560,Goa,2703.39,2,"['Max', 'Spar']"
C0561,Kolkata,3287.34,3,"['Amazon', 'Burger King']"
C0562,Goa,1378.08,4,"['Flipkart', 'Myntra']"
C0563,Kolkata,2341.1,4,"['Big Chill', 'Burger King']"
C0564,Kolkata,1252.64,5,"['Amazon', 'H&M']"
C0565,Bengaluru,647.13,2,"['Flipkart', 'Zara']"
C0566,Goa,4013.33,5,"['Burger King', 'Flipkart']"
C0567,Mumbai,3077.21,3,"['Flipkart', 'Spar']"
C0568,Delhi,3920.02,4,"['Flipkart', 'H&M']"
C0569,Chennai,960.87,6,"['H&M', 'Zara']"
C0570,Delhi,2523.8,3,"['Reliance', 'Burger King']"
C0571,Mumbai,3990.34,2,"['H&M', 'Spar']"
C0572,Chennai,1246.92,2,"['H&M', 'Myntra']"
C0573,Delhi,3065.33,5,"['Zara', 'Flipkart']"
C0574,Goa,1956.44,6,"['Zara', 'Myntra']"
C0575,Bengaluru,4785.79,5,"['Reliance', 'Max']"
C0576,Chennai,4634.46,3,"['Max', 'Myntra']"
C0577,Pune,1158.1,3,"['H&M', 'Big Chill']"
C0578,Kolkata,1139.77,6,"['Zara', 'Big Chill']"
C0579,Chennai,2533.96,6,"['Reliance', 'Big Chill']"
C0580,Bengaluru,3626.17,3,"['Burger King', 'Myntra']"
C0581,Hyderabad,3118.8,6,"['Reliance', 'Burger King']"
C0582,Hyderabad,4325.48,5,"['Big Chill', 'H&M']"
C0583,Chennai,4211.81,4,"['Zara', 'Spar']"
C0584,Bengaluru,2019.9,5,"['Max', 'Burger King']"
C0585,Hyderabad,4523.7,1,"['Amazon', 'Reliance']"
C0586,Kolkata,573.27,2,"['Burger King', 'Myntra']"
C0587,Delhi,4963.27,4,"['H&M', 'Max']"
C0588,Bengaluru,1215.4,3,"['Reliance', 'Spar']"
C0589,Bengaluru,870.89,6,"['Max', 'Amazon']"
C0590,Chennai,3315.22,6,"['H&M', 'Big Chill']"
C0591,Mumbai,3666.64,1,"['H&M', 'Burger King']"
C0592,Mumbai,1097.15,2,"['Flipkart', 'Burger King']"
C0593,Delhi,536.28,3,"['Reliance', 'Big Chill']"
C0594,Goa,2649.65,2,"['Big Chill', 'Reliance']"
C0595,Mumbai,964.41,3,"['Zara', 'Max']"
C0596,Chennai,3980.57,2,"['Max', 'Reliance']"
C0597,Delhi,3246.44,2,"['Burger King', 'Spar']"
C0598,Pune,3326.36,2,"['Big Chill', 'Burger King']"
C0599,Pune,890.1,1,"['Max', 'Reliance']"
C0600,Chennai,2081.91,4,"['Spar', 'Max']"
C0601,Pune,1746.35,1,"['H&M', 'Flipkart']"
C0602,Bengaluru,4005.36,6,"['Amazon', 'Zara']"
C0603,Pune,2829.87,5,"['H&M', 'Big Chill']"
C0604,Bengaluru,3407.76,2,"['Burger King', 'Big Chill']"
C0605,Mumbai,1584.87,6,"['Myntra', 'Reliance']"
C0606,Delhi,4940.97,3,"['Max', 'Big Chill']"
C0607,Chennai,2144.36,6,"['Max', 'Burger King']"
C0608,Mumbai,575.1,1,"['Amazon', 'Zara']"
C0609,Pune,679.22,1,"['Big Chill', 'Flipkart']"
C0610,Bengaluru,3328.57,5,"['Big Chill', 'Myntra']"
C0611,Chennai,870.93,5,"['Flipkart', 'Max']"
C0612,Bengaluru,876.19,1,"['Flipkart', 'H&M']"
C0613,Goa,2913.76,4,"['Myntra', 'Reliance']"
C0614,Bengaluru,3644.04,6,"['H&M', 'Amazon']"
C0615,Pune,887.96,4,"['Reliance', 'Burger King']"
C0616,Delhi,1891.81,6,"['Max', 'Reliance']"
C0617,Delhi,3685.55,6,"['Amazon', 'Max']"
C0618,Kolkata,4788.57,5,"['Flipkart', 'Zara']"
C0619,Goa,2173.41,6,"['Zara', 'Reliance']"
C0620,Delhi,2007.55,4,"['Zara', 'Flipkart']"
C0621,Mumbai,1683.27,5,"['Reliance', 'Burger King']"
C0622,Kolkata,2798.52,1,"['Burger King', 'Max']"
C0623,Hyderabad,1207.89,1,"['Myntra', 'Reliance']"
C0624,Pune,3833.51,1,"['Amazon', 'Myntra']"
C0625,Pune,706.92,3,"['Big Chill', 'Max']"
C0626,Goa,4690.22,1,"['Flipkart', 'Big Chill']"
C0627,Pune,1948.11,4,"['Spar', 'Zara']"
C0628,Mumbai,3071.91,1,"['Flipkart', 'Amazon']"
C0629,Goa,1504.33,5,"['Amazon', 'Big Chill']"
C0630,Mumbai,4446.46,3,"['Zara', 'Spar']"
C0631,Mumbai,2988.91,1,"['Spar', 'H&M']"
C0632,Bengaluru,3037.13,3,"['Myntra', 'H&M']"
C0633,Kolkata,2157.23,4,"['H&M', 'Flipkart']"
C0634,Pune,1177.55,4,"['Amazon', 'H&M']"
C0635,Hyderabad,3361.74,6,"['Amazon', 'Spar']"
C0636,Delhi,3915.18,4,"['Zara', 'Reliance']"
C0637,Pune,2884.17,2,"['Big Chill', 'Burger King']"
C0638,Delhi,4876.52,2,"['Zara', 'Reliance']"
C0639,Delhi,4645.73,5,"['Big Chill', 'Spar']"
C0640,Kolkata,4885.5,1,"['Myntra', 'Reliance']"
C0641,Goa,3367.47,4,"['Reliance', 'Amazon']"
C0642,Chennai,3481.0,2,"['H&M', 'Zara']"
C0643,Bengaluru,4329.11,4,"['Spar', 'Myntra']"
C0644,Kolkata,1723.8,1,"['H&M', 'Max']"
C0645,Mumbai,1199.35,2,"['Burger King', 'Myntra']"
C0646,Hyderabad,2329.31,5,"['Spar', 'H&M']"
C0647,Kolkata,1887.38,3,"['Reliance', 'Myntra']"
C0648,Goa,4134.19,3,"['Myntra', 'Amazon']"
C0649,Pune,4261.66,3,"['Max', 'Reliance']"
C0650,Pune,4857.8,4,"['Flipkart', 'Amazon']"
C0651,Bengaluru,1670.75,2,"['Amazon', 'Big Chill']"
C0652,Kolkata,3001.79,5,"['H&M', 'Reliance']"
C0653,Kolkata,958.58,2,"['Reliance', 'Amazon']"
C0654,Delhi,4236.68,2,"['Max', 'H&M']"
C0655,Chennai,2175.08,6,"['Reliance', 'Zara']"
C0656,Mumbai,598.1,1,"['H&M', 'Burger King']"
C0657,Goa,913.9,3,"['Reliance', 'Amazon']"
C0658,Kolkata,727.87,5,"['Big Chill', 'Myntra']"
C0659,Kolkata,632.67,6,"['Big Chill', 'Max']"
C0660,Hyderabad,1466.22,2,"['Zara', 'Myntra']"
C0661,Kolkata,4475.41,1,"['Myntra', 'H&M']"
C0662,Bengaluru,2745.01,5,"['Burger King', 'Amazon']"
C0663,Mumbai,1758.99,2,"['Big Chill', 'H&M']"
C0664,Pune,3338.39,5,"['Amazon', 'Big Chill']"
C0665,Hyderabad,2658.58,4,"['Spar', 'Flipkart']"
C0666,Hyderabad,2247.72,2,"['Amazon', 'Spar']"
C0667,Pune,631.87,3,"['Amazon', 'Burger King']"
C0668,Hyderabad,3950.79,2,"['Max', 'Reliance']"
C0669,Pune,3455.89,3,"['Flipkart', 'Amazon']"
C0670,Pune,3090.61,4,"['Spar', 'Max']"
C0671,Goa,1564.48,3,"['Spar', 'Amazon']"
C0672,Hyderabad,4764.01,5,"['Max', 'H&M']"
C0673,Kolkata,2939.56,2,"['Burger King', 'Amazon']"
C0674,Mumbai,752.76,5,"['H&M', 'Amazon']"
C0675,Kolkata,503.08,5,"['H&M', 'Max']"
C0676,Hyderabad,3726.22,3,"['Amazon', 'Myntra']"
C0677,Goa,3139.74,2,"['Reliance', 'Flipkart']"
C0678,Hyderabad,4822.51,3,"['Big Chill', 'Reliance']"
C0679,Hyderabad,1857.94,2,"['Max', 'Big Chill']"
C0680,Kolkata,3421.31,2,"['Flipkart', 'Spar']"
C0681,Pune,3494.89,2,"['Big Chill', 'Zara']"
C0682,Bengaluru,1073.07,6,"['Amazon', 'Big Chill']"
C0683,Delhi,1319.37,3,"['Myntra', 'H&M']"
C0684,Mumbai,4715.1,2,"['Spar', 'Reliance']"
C0685,Pune,2060.65,3,"['Max', 'Reliance']"
C0686,Hyderabad,2509.83,3,"['H&M', 'Myntra']"
C0687,Mumbai,2077.17,1,"['Amazon', 'Myntra']"
C0688,Chennai,2471.99,4,"['Max', 'Big Chill']"
C0689,Kolkata,4467.97,3,"['Flipkart', 'Big Chill']"
C0690,Mumbai,4229.63,5,"['H&M', 'Max']"
C0691,Kolkata,831.69,1,"['Zara', 'Amazon']"
C0692,Hyderabad,1675.07,1,"['Reliance', 'Spar']"
C0693,Goa,4495.69,2,"['Reliance', 'Flipkart']"
C0694,Mumbai,2020.78,5,"['Burger King', 'Amazon']"
C0695,Chennai,4740.99,2,"['Myntra', 'Big Chill']"
C0696,Goa,741.0,3,"['H&M', 'Myntra']"
C0697,Chennai,3637.39,6,"['Flipkart', 'Zara']"
C0698,Bengaluru,1838.3,1,"['Amazon', 'Big Chill']"
C0699,Kolkata,1191.15,3,"['Amazon', 'Big Chill']"
C0700,Mumbai,1825.47,6,"['Myntra', 'Burger King']"
C0701,Pune,936.44,2,"['Max', 'Zara']"
C0702,Mumbai,2631.07,1,"['Zara', 'Big Chill']"
C0703,Kolkata,2700.94,6,"['Zara', 'Reliance']"
C0704,Chennai,1331.97,4,"['Spar', 'Max']"
C0705,Kolkata,700.78,4,"['Burger King', 'Zara']"
C0706,Pune,4266.85,5,"['Amazon', 'Max']"
C0707,Mumbai,885.68,3,"['Flipkart', 'Big Chill']"
C0708,Pune,2991.21,4,"['Flipkart', 'Big Chill']"
C0709,Kolkata,3077.21,2,"['Burger King', 'Zara']"
C0710,Mumbai,2276.62,6,"['Amazon', 'Flipkart']"
C0711,Goa,1041.27,4,"['Max', 'Myntra']"
C0712,Pune,4138.07,2,"['Amazon', 'Big Chill']"
C0713,Mumbai,4947.26,4,"['H&M', 'Max']"
C0714,Bengaluru,1938.87,6,"['Reliance', 'Myntra']"
C0715,Chennai,3003.64,5,"['Spar', 'Zara']"
C0716,Kolkata,4627.23,1,"['Myntra', 'Flipkart']"
C0717,Chennai,1006.33,2,"['Max', 'Reliance']"
C0718,Mumbai,3032.08,1,"['Zara', 'Flipkart']"
C0719,Hyderabad,4450.52,3,"['Big Chill', 'Burger King']"
C0720,Kolkata,668.6,3,"['Big Chill', 'Max']"
C0721,Chennai,674.52,3,"['H&M', 'Amazon']"
C0722,Kolkata,4643.76,3,"['Amazon', 'Spar']"
C0723,Bengaluru,1899.27,4,"['Reliance', 'H&M']"
C0724,Goa,1852.16,6,"['Burger King', 'Spar']"
C0725,Bengaluru,3779.6,5,"['Reliance', 'H&M']"
C0726,Kolkata,1451.26,4,"['Burger King', 'Flipkart']"
C0727,Hyderabad,4194.58,5,"['Max', 'Reliance']"
C0728,Bengaluru,3693.06,4,"['Max', 'Flipkart']"
C0729,Delhi,1281.82,2,"['Amazon', 'H&M']"
C0730,Delhi,2554.02,3,"['H&M', 'Zara']"
C0731,Hyderabad,4205.78,5,"['Big Chill', 'Reliance']"
C0732,Delhi,1588.72,4,"['Myntra', 'Burger King']"
C0733,Goa,4822.34,4,"['Myntra', 'Flipkart']"
C0734,Hyderabad,2049.12,3,"['Reliance', 'Zara']"
C0735,Delhi,2239.55,2,"['Myntra', 'H&M']"
C0736,Pune,3413.21,6,"['H&M', 'Zara']"
C0737,Chennai,2809.77,6,"['Amazon', 'Burger King']"
C0738,Goa,3413.17,5,"['Amazon', 'H&M']"
C0739,Bengaluru,3237.55,3,"['Zara', 'Big Chill']"
C0740,Chennai,4332.14,4,"['Zara', 'H&M']"
C0741,Kolkata,1859.65,5,"['Myntra', 'Big Chill']"
C0742,Mumbai,533.06,6,"['Spar', 'Flipkart']"
C0743,Bengaluru,1843.14,1,"['Burger King', 'Reliance']"
C0744,Hyderabad,4947.62,6,"['Spar', 'Zara']"
C0745,Bengaluru,3452.54,6,"['Zara', 'H&M']"
C0746,Goa,2827.82,2,"['Amazon', 'Big Chill']"
C0747,Hyderabad,3563.4,6,"['Amazon', 'Burger King']"
C0748,Bengaluru,1667.42,4,"['Big Chill', 'Myntra']"
C0749,Delhi,3123.61,5,"['H&M', 'Spar']"
C0750,Pune,3588.43,6,"['Burger King', 'Spar']"
C0751,Bengaluru,4304.39,6,"['Flipkart', 'Max']"
C0752,Bengaluru,939.21,2,"['Zara', 'Flipkart']"
C0753,Goa,4761.16,3,"['Reliance', 'H&M']"
C0754,Hyderabad,1504.98,3,"['Big Chill', 'Spar']"
C0755,Hyderabad,1672.52,3,"['Burger King', 'Reliance']"
C0756,Kolkata,741.55,6,"['Myntra', 'Reliance']"
C0757,Kolkata,4502.42,5,"['Reliance', 'Big Chill']"
C0758,Bengaluru,2358.98,2,"['Max', 'H&M']"
C0759,Hyderabad,2341.36,5,"['Burger King', 'Max']"
C0760,Hyderabad,4380.77,2,"['Reliance', 'Burger King']"
C0761,Hyderabad,3339.65,2,"['Spar', 'Amazon']"
C0762,Delhi,2534.24,2,"['Max', 'Myntra']"
C0763,Kolkata,4033.45,1,"['Max', 'Big Chill']"
C0764,Chennai,2315.27,4,"['Big Chill', 'Amazon']"
C0765,Delhi,2902.02,6,"['Spar', 'Amazon']"
C0766,Hyderabad,3905.81,5,"['H&M', 'Amazon']"
C0767,Delhi,3320.09,2,"['H&M', 'Spar']"
C0768,Bengaluru,1080.19,4,"['Flipkart', 'Zara']"
C0769,Goa,793.79,1,"['Zara', 'Myntra']"
C0770,Kolkata,3775.24,5,"['Flipkart', 'Spar']"
C0771,Chennai,4495.88,2,"['Spar', 'Burger King']"
C0772,Hyderabad,3875.52,2,"['Big Chill', 'Amazon']"
C0773,Pune,1509.45,2,"['H&M', 'Amazon']"
C0774,Goa,1054.23,6,"['Amazon', 'Big Chill']"
C0775,Bengaluru,3970.62,5,"['Amazon', 'Myntra']"
C0776,Mumbai,3441.05,1,"['Amazon', 'Reliance']"
C0777,Chennai,2499.41,1,"['Flipkart', 'Zara']"
C0778,Kolkata,3658.41,2,"['Amazon', 'Zara']"
C0779,Chennai,3477.49,6,"['Flipkart', 'Zara']"
C0780,Goa,2384.72,1,"['Flipkart', 'Reliance']"
C0781,Bengaluru,1013.06,1,"['Burger King', 'H&M']"
C0782,Pune,4000.82,5,"['H&M', 'Spar']"
C0783,Chennai,1829.08,1,"['Flipkart', 'Burger King']"
C0784,Pune,3596.92,4,"['Spar', 'H&M']"
C0785,Delhi,557.37,1,"['Reliance', 'Burger King']"
C0786,Goa,4772.51,5,"['Reliance', 'Myntra']"
C0787,Bengaluru,3399.52,4,"['Zara', 'Myntra']"
C0788,Kolkata,725.36,2,"['Amazon', 'Zara']"
C0789,Hyderabad,4107.18,3,"['Big Chill', 'Reliance']"
C0790,Mumbai,4330.61,1,"['Amazon', 'Max']"
C0791,Goa,1978.97,4,"['Myntra', 'Zara']"
C0792,Mumbai,2176.8,3,"['Max', 'Reliance']"
C0793,Chennai,2301.13,4,"['Zara', 'Big Chill']"
C0794,Kolkata,4099.55,6,"['Max', 'Reliance']"
C0795,Goa,3632.76,1,"['Max', 'Reliance']"
C0796,Chennai,4600.52,4,"['Myntra', 'Burger King']"
C0797,Goa,3250.95,3,"['Myntra', 'Amazon']"
C0798,Goa,2673.86,4,"['Reliance', 'Big Chill']"
C0799,Kolkata,706.88,3,"['Spar', 'Amazon']"
C0800,Pune,4900.53,6,"['Spar', 'Flipkart']"
C0801,Mumbai,2447.82,6,"['H&M', 'Burger King']"
C0802,Hyderabad,3486.7,6,"['Big Chill', 'Max']"
C0803,Delhi,552.4,2,"['Flipkart', 'Burger King']"
C0804,Kolkata,4412.37,1,"['Burger King', 'Spar']"
C0805,Pune,1989.03,3,"['Amazon', 'Flipkart']"
C0806,Pune,2977.23,4,"['Big Chill', 'H&M']"
C0807,Mumbai,2565.93,5,"['Burger King', 'Reliance']"
C0808,Kolkata,2511.81,1,"['Burger King', 'Amazon']"
C0809,Mumbai,2315.48,1,"['Flipkart', 'Myntra']"
C0810,Delhi,4216.59,5,"['Myntra', 'Zara']"
C0811,Pune,3445.68,4,"['Spar', 'Myntra']"
C0812,Delhi,4174.65,4,"['Spar', 'Flipkart']"
C0813,Kolkata,3724.96,3,"['Burger King', 'Reliance']"
C0814,Mumbai,3916.94,2,"['Amazon', 'Spar']"
C0815,Hyderabad,4234.48,3,"['Flipkart', 'Myntra']"
C0816,Hyderabad,3659.43,1,"['Max', 'Burger King']"
C0817,Goa,4198.27,6,"['Big Chill', 'Reliance']"
C0818,Bengaluru,3248.83,2,"['Reliance', 'Big Chill']"
C0819,Pune,2556.71,2,"['Spar', 'Reliance']"
C0820,Chennai,709.25,6,"['Myntra', 'Reliance']"
C0821,Kolkata,2558.25,5,"['Flipkart', 'Max']"
C0822,Kolkata,519.52,6,"['Amazon', 'Flipkart']"
C0823,Chennai,4274.67,4,"['Flipkart', 'Max']"
C0824,Goa,3787.23,2,"['Reliance', 'Big Chill']"
C0825,Hyderabad,2768.5,4,"['Big Chill', 'H&M']"
C0826,Bengaluru,2290.41,3,"['Zara', 'Burger King']"
C0827,Goa,1121.81,5,"['Flipkart', 'Zara']"
C0828,Hyderabad,3703.43,5,"['H&M', 'Myntra']"
C0829,Pune,3308.75,3,"['Spar', 'Max']"
C0830,Goa,2767.52,6,"['Spar', 'Reliance']"
C0831,Hyderabad,3030.26,5,"['Myntra', 'Big Chill']"
C0832,Bengaluru,4448.65,4,"['Amazon', 'Flipkart']"
C0833,Mumbai,613.72,2,"['Amazon', 'Myntra']"
C0834,Pune,1701.4,2,"['Zara', 'Myntra']"
C0835,Goa,4277.22,6,"['Zara', 'H&M']"
C0836,Delhi,2114.07,4,"['Reliance', 'Flipkart']"
C0837,Pune,3840.86,5,"['Big Chill', 'H&M']"
C0838,Bengaluru,3618.21,1,"['Big Chill', 'Myntra']"
C0839,Chennai,4805.16,6,"['Spar', 'Flipkart']"
C0840,Delhi,558.34,3,"['H&M', 'Burger King']"
C0841,Pune,4601.69,6,"['Spar', 'Flipkart']"
C0842,Pune,3992.66,2,"['Zara', 'Burger King']"
C0843,Goa,4925.54,1,"['Max', 'Myntra']"
C0844,Mumbai,2197.39,4,"['Zara', 'Flipkart']"
C0845,Bengaluru,1085.3,5,"['Zara', 'Amazon']"
C0846,Hyderabad,2598.49,2,"['Amazon', 'Max']"
C0847,Hyderabad,3185.96,6,"['Myntra', 'Zara']"
C0848,Kolkata,4054.59,5,"['Spar', 'Reliance']"
C0849,Hyderabad,2864.28,2,"['Flipkart', 'Reliance']"
C0850,Goa,2371.69,5,"['Big Chill', 'Reliance']"
C0851,Hyderabad,1495.39,2,"['Spar', 'Myntra']"
C0852,Hyderabad,1821.08,5,"['Flipkart', 'Burger King']"
C0853,Delhi,1016.25,3,"['Burger King', 'H&M']"
C0854,Pune,4815.04,6,"['Spar', 'Big Chill']"
C0855,Mumbai,2236.44,5,"['Zara', 'Amazon']"
C0856,Hyderabad,2814.39,5,"['Burger King', 'Myntra']"
C0857,Delhi,1833.95,6,"['H&M', 'Spar']"
C0858,Mumbai,4766.95,2,"['Flipkart', 'Myntra']"
C0859,Delhi,3321.2,2,"['H&M', 'Big Chill']"
C0860,Mumbai,1425.11,6,"['Big Chill', 'Reliance']"
C0861,Goa,606.89,6,"['Spar', 'Amazon']"
C0862,Mumbai,829.62,2,"['Zara', 'Flipkart']"
C0863,Mumbai,3087.33,2,"['Zara', 'Big Chill']"
C0864,Chennai,2530.07,4,"['Big Chill', 'Spar']"
C0865,Delhi,2252.76,1,"['Flipkart', 'Amazon']"
C0866,Mumbai,3901.82,5,"['Amazon', 'Reliance']"
C0867,Hyderabad,4676.21,1,"['Zara', 'Myntra']"
C0868,Mumbai,1766.83,4,"['Big Chill', 'Myntra']"
C0869,Delhi,2632.94,5,"['H&M', 'Max']"
C0870,Chennai,4085.47,5,"['Zara', 'Max']"
C0871,Bengaluru,3547.8,6,"['Spar', 'Amazon']"
C0872,Goa,1054.56,1,"['Myntra', 'Big Chill']"
C0873,Mumbai,1871.11,6,"['Spar', 'H&M']"
C0874,Chennai,4575.33,5,"['Max', 'Myntra']"
C0875,Goa,1493.55,3,"['H&M', 'Reliance']"
C0876,Goa,3519.4,5,"['Amazon', 'Flipkart']"
C0877,Kolkata,3401.04,1,"['Zara', 'Reliance']"
C0878,Bengaluru,941.91,6,"['Myntra', 'Burger King']"
C0879,Hyderabad,2107.12,6,"['H&M', 'Reliance']"
C0880,Bengaluru,3287.82,2,"['Spar', 'Burger King']"
C0881,Kolkata,1977.56,6,"['Zara', 'Max']"
C0882,Hyderabad,4134.65,4,"['Max', 'Amazon']"
C0883,Hyderabad,1607.79,2,"['Big Chill', 'Zara']"
C0884,Hyderabad,1104.38,6,"['Spar', 'Burger King']"
C0885,Kolkata,2504.11,3,"['Burger King', 'Flipkart']"
C0886,Mumbai,1290.97,5,"['Reliance', 'Zara']"
C0887,Goa,4510.84,2,"['Zara', 'Reliance']"
C0888,Mumbai,4514.47,5,"['Amazon', 'Big Chill']"
C0889,Pune,4578.37,5,"['Zara', 'Flipkart']"
C0890,Kolkata,3442.59,2,"['Spar', 'Big Chill']"
C0891,Pune,4511.47,5,"['Zara', 'Max']"
C0892,Kolkata,2755.05,1,"['Big Chill', 'Spar']"
C0893,Delhi,3482.05,5,"['Max', 'Flipkart']"
C0894,Goa,2507.99,2,"['Myntra', 'Max']"
C0895,Kolkata,4726.29,1,"['H&M', 'Burger King']"
C0896,Pune,782.88,3,"['H&M', 'Amazon']"
C0897,Pune,2830.48,3,"['Big Chill', 'Burger King']"
C0898,Kolkata,4466.98,1,"['Spar', 'Reliance']"
C0899,Bengaluru,4256.93,3,"['Myntra', 'Flipkart']"
C0900,Goa,2194.97,4,"['Spar', 'Reliance']"
C0901,Bengaluru,2193.48,2,"['Flipkart', 'Big Chill']"
C0902,Hyderabad,4177.57,3,"['Burger King', 'Myntra']"
C0903,Delhi,2758.27,2,"['Burger King', 'Max']"
C0904,Pune,846.9,6,"['Zara', 'H&M']"
C0905,Goa,1341.08,3,"['Myntra', 'Reliance']"
C0906,Pune,2365.76,3,"['Reliance', 'Burger King']"
C0907,Kolkata,2655.6,5,"['Max', 'Big Chill']"
C0908,Delhi,1596.52,2,"['Myntra', 'Max']"
C0909,Goa,3332.93,1,"['Myntra', 'Max']"
C0910,Delhi,1248.54,2,"['Flipkart', 'Big Chill']"
C0911,Delhi,4453.29,6,"['Zara', 'Reliance']"
C0912,Pune,2521.42,4,"['Burger King', 'Max']"
C0913,Pune,4236.64,5,"['Max', 'Myntra']"
C0914,Bengaluru,1254.75,6,"['Spar', 'Burger King']"
C0915,Mumbai,1534.16,4,"['Max', 'Reliance']"
C0916,Delhi,1410.57,5,"['Big Chill', 'Max']"
C0917,Mumbai,1298.4,5,"['Myntra', 'Amazon']"
C0918,Mumbai,919.35,6,"['Max', 'Flipkart']"
C0919,Delhi,4536.36,6,"['Big Chill', 'Flipkart']"
C0920,Chennai,2166.7,1,"['Flipkart', 'Big Chill']"
C0921,Pune,4722.9,4,"['Big Chill', 'Spar']"
C0922,Mumbai,2414.7,3,"['Burger King', 'H&M']"
C0923,Mumbai,1774.7,5,"['Big Chill', 'Zara']"
C0924,Pune,524.61,6,"['Amazon', 'Flipkart']"
C0925,Mumbai,2838.93,4,"['H&M', 'Spar']"
C0926,Chennai,2130.21,2,"['Big Chill', 'Zara']"
C0927,Bengaluru,4347.4,4,"['Myntra', 'Spar']"
C0928,Bengaluru,4963.09,4,"['H&M', 'Big Chill']"
C0929,Kolkata,1304.24,5,"['Flipkart', 'Burger King']"
C0930,Bengaluru,4948.29,5,"['Spar', 'Big Chill']"
C0931,Goa,4347.5,6,"['Reliance', 'H&M']"
C0932,Kolkata,4023.99,2,"['Reliance', 'H&M']"
C0933,Chennai,4037.37,5,"['Myntra', 'Amazon']"
C0934,Goa,2250.97,6,"['Amazon', 'Reliance']"
C0935,Goa,2622.51,5,"['Big Chill', 'Reliance']"
C0936,Mumbai,1683.91,3,"['Reliance', 'Amazon']"
C0937,Chennai,4688.08,4,"['Myntra', 'Flipkart']"
C0938,Bengaluru,3702.23,5,"['Amazon', 'Max']"
C0939,Kolkata,2475.37,2,"['Flipkart', 'Zara']"
C0940,Pune,651.24,5,"['Flipkart', 'Myntra']"
C0941,Pune,3268.35,6,"['Amazon', 'Spar']"
C0942,Pune,3447.59,2,"['Reliance', 'Zara']"
C0943,Chennai,2089.07,4,"['Big Chill', 'H&M']"
C0944,Delhi,3816.16,1,"['Reliance', 'Flipkart']"
C0945,Bengaluru,3767.62,5,"['Myntra', 'Spar']"
C0946,Hyderabad,4834.79,3,"['H&M', 'Myntra']"
C0947,Kolkata,4683.71,5,"['Amazon', 'Zara']"
C0948,Goa,2332.11,1,"['Flipkart', 'Reliance']"
C0949,Bengaluru,2029.85,1,"['Flipkart', 'Zara']"
C0950,Bengaluru,3623.86,4,"['Myntra', 'Burger King']"
C0951,Pune,3908.63,4,"['Burger King', 'Amazon']"
C0952,Kolkata,1023.21,1,"['Big Chill', 'H&M']"
C0953,Pune,4100.73,4,"['Spar', 'Flipkart']"
C0954,Delhi,3653.68,3,"['H&M', 'Zara']"
C0955,Mumbai,2295.19,6,"['Spar', 'Reliance']"
C0956,Goa,2644.5,3,"['H&M', 'Zara']"
C0957,Goa,4762.03,6,"['H&M', 'Burger King']"
C0958,Pune,1556.88,2,"['Zara', 'H&M']"
C0959,Pune,1412.45,2,"['Myntra', 'Spar']"
C0960,Goa,4005.22,1,"['Reliance', 'Burger King']"
C0961,Delhi,3939.1,5,"['Amazon', 'Burger King']"
C0962,Hyderabad,3293.0,4,"['Myntra', 'Zara']"
C0963,Kolkata,1322.92,5,"['Zara', 'Big Chill']"
C0964,Pune,3875.76,2,"['Amazon', 'Flipkart']"
C0965,Chennai,2652.44,5,"['Amazon', 'Flipkart']"
C0966,Hyderabad,2271.73,6,"['Max', 'Burger King']"
C0967,Mumbai,3642.1,4,"['Spar', 'Amazon']"
C0968,Delhi,3533.46,4,"['Myntra', 'Reliance']"
C0969,Hyderabad,2127.21,3,"['Max', 'Flipkart']"
C0970,Bengaluru,1567.13,4,"['Myntra', 'Spar']"
C0971,Hyderabad,1327.61,4,"['H&M', 'Big Chill']"
C0972,Hyderabad,2142.85,4,"['Zara', 'Burger King']"
C0973,Goa,3071.34,5,"['H&M', 'Reliance']"
C0974,Bengaluru,4118.39,5,"['Big Chill', 'Myntra']"
C0975,Pune,1156.3,6,"['Max', 'Burger King']"
C0976,Delhi,1294.73,4,"['Max', 'Flipkart']"
C0977,Hyderabad,4034.0,3,"['Zara', 'Flipkart']"
C0978,Delhi,2292.81,6,"['Max', 'Amazon']"
C0979,Pune,4162.18,4,"['Reliance', 'Burger King']"
C0980,Hyderabad,1668.96,3,"['Flipkart', 'Myntra']"
C0981,Bengaluru,2048.63,4,"['Reliance', 'Spar']"
C0982,Pune,3095.84,6,"['Flipkart', 'Max']"
C0983,Bengaluru,2097.99,6,"['Flipkart', 'Burger King']"
C0984,Kolkata,4503.35,4,"['Myntra', 'Zara']"
C0985,Kolkata,3342.7,2,"['Max', 'Spar']"
C0986,Chennai,3340.73,5,"['Big Chill', 'Reliance']"
C0987,Mumbai,1229.0,2,"['Spar', 'Myntra']"
C0988,Bengaluru,3696.95,5,"['Big Chill', 'Zara']"
C0989,Kolkata,4014.38,3,"['Myntra', 'Flipkart']"
C0990,Kolkata,2362.95,2,"['Amazon', 'Max']"
C0991,Pune,3479.1,6,"['Reliance', 'H&M']"
C0992,Goa,2286.71,1,"['Reliance', 'Burger King']"
C0993,Delhi,618.64,4,"['Flipkart', 'Reliance']"
C0994,Mumbai,1681.04,2,"['Reliance', 'Big Chill']"
C0995,Bengaluru,1532.1,6,"['Zara', 'Burger King']"
C0996,Goa,1090.75,2,"['Amazon', 'Myntra']"
C0997,Hyderabad,4371.66,3,"['Burger King', 'Myntra']"
C0998,Bengaluru,2968.45,2,"['Flipkart', 'Max']"
C0999,Kolkata,3339.71,6,"['Myntra', 'Big Chill']"
C1000,Bengaluru,4590.15,4,"['Flipkart', 'H&M']"
